{"score": 1.0003790098457164, "_timestamp": 1699405158.3822052, "_runtime": 2.612220287322998, "_step": 0, "_wandb": {"runtime": 2}}