{"score": 7.000133923677583, "_timestamp": 1699405085.4241297, "_runtime": 2.810851812362671, "_step": 0, "_wandb": {"runtime": 2}}