{"epoch": 49, "train_acc": 1.8868499355899766, "train_loss": -3.7940710798488952, "val_acc": 2.613258425124059, "val_loss": -3.5702340798326286, "_timestamp": 1699399771.9747367, "_runtime": 2.8636226654052734, "_step": 48, "_wandb": {"runtime": 2}}