{"score": 3.0000017413643216, "_timestamp": 1699405106.8352542, "_runtime": 2.6358420848846436, "_step": 0, "_wandb": {"runtime": 2}}