{"score": 7.000029893351619, "_timestamp": 1699405138.026685, "_runtime": 2.6049230098724365, "_step": 0, "_wandb": {"runtime": 2}}