{"epoch": 49, "train_acc": 1.9471028165585058, "train_loss": -3.6033207838240164, "val_acc": 2.617801361056448, "val_loss": -3.602944803533946, "_timestamp": 1699399810.9629188, "_runtime": 2.8518738746643066, "_step": 48, "_wandb": {"runtime": 2}}