{"acc": 0.926192897970252, "loss": 0.1352428457931737, "_timestamp": 1699396036.4427938, "_runtime": 2.5639407634735107, "_step": 7, "_wandb": {"runtime": 2}}