{"acc": 0.7601411691562728, "loss": 0.15865448795918444, "_timestamp": 1699123521.473327, "_runtime": 2.657778024673462, "_step": 7, "_wandb": {"runtime": 2}}