{"score": 7.0008938087434, "_timestamp": 1699405116.9293318, "_runtime": 2.5887718200683594, "_step": 0, "_wandb": {"runtime": 2}}