{"loss": {"min": 0.01877191735484698}, "acc": {"max": 1.0}, "_timestamp": 1699402778.0902865, "_runtime": 2.612781524658203, "_step": 9, "_wandb": {"runtime": 2}}