{"score": 3.000837600139552, "_timestamp": 1699405168.551663, "_runtime": 2.5141940116882324, "_step": 0, "_wandb": {"runtime": 2}}