{"acc": 0.8100038956275035, "loss": 0.27351041024416445, "_timestamp": 1699121946.8565466, "_runtime": 2.784519672393799, "_step": 7, "_wandb": {"runtime": 2}}