{"acc": 0.8421688069613444, "loss": 0.15921549826425382, "_timestamp": 1699394947.3907502, "_runtime": 2.5933570861816406, "_step": 7, "_wandb": {"runtime": 2}}