{"epoch": 49, "train_acc": 1.8918781601593841, "train_loss": -3.7337927195974476, "val_acc": 2.6170788641742377, "val_loss": -3.5961965351646548, "_timestamp": 1699397453.1972158, "_runtime": 2.934091806411743, "_step": 48, "_wandb": {"runtime": 2}}