{"score": 3.0000042164946286, "_timestamp": 1699405095.70963, "_runtime": 2.6241331100463867, "_step": 0, "_wandb": {"runtime": 2}}