{"epoch": 49, "train_acc": 1.9580551845677336, "train_loss": -3.7502771821533427, "val_acc": 2.602749256224208, "val_loss": -3.6069326557245924, "_timestamp": 1699399527.8365111, "_runtime": 2.871821165084839, "_step": 48, "_wandb": {"runtime": 2}}