{"score": 1.0000652845523954, "_timestamp": 1699405178.6782048, "_runtime": 2.570568799972534, "_step": 0, "_wandb": {"runtime": 2}}