{"score": 7.00000237162852, "_timestamp": 1699405148.2730255, "_runtime": 2.667884588241577, "_step": 0, "_wandb": {"runtime": 2}}