{"lr": 0.0009909819639278557, "data_time": 0.006002087593078614, "loss": 2.3754107332229615, "loss_cls": 0.6023381745815277, "loss_bbox": 1.1527701330184936, "loss_dfl": 0.6203024262189865, "time": 0.40007328510284423, "epoch": 1, "iter": 50, "memory": 4099, "step": 50}
{"lr": 0.0019919839679358718, "data_time": 0.003556351661682129, "loss": 2.196148772239685, "loss_cls": 0.8670481330156327, "loss_bbox": 0.8640019094944, "loss_dfl": 0.46509871423244475, "time": 0.3681075286865234, "epoch": 1, "iter": 100, "memory": 4099, "step": 100}
{"lr": 0.002992985971943887, "data_time": 0.0035371971130371094, "loss": 2.359565062522888, "loss_cls": 1.0449530082941054, "loss_bbox": 0.8524831223487854, "loss_dfl": 0.46212894380092623, "time": 0.35499067306518556, "epoch": 1, "iter": 150, "memory": 4099, "step": 150}
{"lr": 0.003993987975951902, "data_time": 0.003532900810241699, "loss": 2.1440895771980286, "loss_cls": 1.0113973724842071, "loss_bbox": 0.7217436450719833, "loss_dfl": 0.41094856321811674, "time": 0.37221901416778563, "epoch": 1, "iter": 200, "memory": 4099, "step": 200}
{"lr": 0.004994989979959916, "data_time": 0.003560152053833008, "loss": 2.085014464855194, "loss_cls": 0.9332193493843078, "loss_bbox": 0.7325859314203262, "loss_dfl": 0.41920917451381684, "time": 0.3858954858779907, "epoch": 1, "iter": 250, "memory": 4099, "step": 250}
{"lr": 0.0059959919839679245, "data_time": 0.003553905487060547, "loss": 2.0106483936309814, "loss_cls": 0.9205918645858765, "loss_bbox": 0.6948457580804824, "loss_dfl": 0.39521075308322906, "time": 0.386296820640564, "epoch": 1, "iter": 300, "memory": 4099, "step": 300}
{"lr": 0.00699699398797594, "data_time": 0.003571276664733887, "loss": 2.0950215363502505, "loss_cls": 1.0304297196865082, "loss_bbox": 0.6777175319194794, "loss_dfl": 0.3868743062019348, "time": 0.38015950202941895, "epoch": 1, "iter": 350, "memory": 4099, "step": 350}
{"lr": 0.007997995991983954, "data_time": 0.0035505151748657228, "loss": 2.0887300324440004, "loss_cls": 1.019863612651825, "loss_bbox": 0.6743392479419709, "loss_dfl": 0.39452717661857606, "time": 0.3698043632507324, "epoch": 1, "iter": 400, "memory": 4099, "step": 400}
{"lr": 0.00899899799599197, "data_time": 0.00355158805847168, "loss": 2.0660838651657105, "loss_cls": 0.9715298974514007, "loss_bbox": 0.6923353999853135, "loss_dfl": 0.4022185707092285, "time": 0.37651275157928465, "epoch": 1, "iter": 450, "memory": 4099, "step": 450}
{"lr": 0.009999999999999976, "data_time": 0.003601408004760742, "loss": 2.044667582511902, "loss_cls": 0.9654820603132248, "loss_bbox": 0.6840558111667633, "loss_dfl": 0.3951297098398209, "time": 0.39810805320739745, "epoch": 1, "iter": 500, "memory": 4099, "step": 500}
{"lr": 0.009999999999999976, "data_time": 0.0035543584823608397, "loss": 2.062195680141449, "loss_cls": 1.0139053881168365, "loss_bbox": 0.6632004338502884, "loss_dfl": 0.3850898760557175, "time": 0.3756260013580322, "epoch": 1, "iter": 550, "memory": 4099, "step": 550}
{"lr": 0.009999999999999976, "data_time": 0.0035697078704833986, "loss": 2.0743207478523256, "loss_cls": 1.065814998149872, "loss_bbox": 0.6397787016630173, "loss_dfl": 0.36872704803943634, "time": 0.39528642177581785, "epoch": 1, "iter": 600, "memory": 4099, "step": 600}
