{"epoch": 49, "train_acc": 1.9750510400330077, "train_loss": -3.7144900108308985, "val_acc": 2.591729508411911, "val_loss": -3.702967941640817, "_timestamp": 1699397382.3057332, "_runtime": 3.1066932678222656, "_step": 48, "_wandb": {"runtime": 2}}