{"epoch": 49, "train_acc": 1.9500267501469837, "train_loss": -3.6055698310812323, "val_acc": 2.590829299174932, "val_loss": -3.6368157092603326, "_timestamp": 1699399510.1245792, "_runtime": 2.996746301651001, "_step": 48, "_wandb": {"runtime": 2}}