{"score": 1.0002173683131164, "_timestamp": 1699405126.9665868, "_runtime": 2.629833936691284, "_step": 0, "_wandb": {"runtime": 2}}