{"loss": {"min": 0.01877191735484698}, "acc": {"max": 1.0}, "_timestamp": 1699403599.7499046, "_runtime": 2.6899807453155518, "_step": 9, "_wandb": {"runtime": 2}}